Instancia,Opt_Veh,Opt_Dist,Run1_Veh,Run1_Dist,Run2_Veh,Run2_Dist,Run3_Veh,Run3_Dist,Run4_Veh,Run4_Dist,Run5_Veh,Run5_Dist,Run6_Veh,Run6_Dist,Run7_Veh,Run7_Dist,Run8_Veh,Run8_Dist,Run9_Veh,Run9_Dist,Run10_Veh,Run10_Dist,Best_Veh,Avg_Veh,Std_Veh,Best_Dist,Avg_Dist,Std_Dist,Veh_GAP,Dist_GAP,Unified_GAP,Avg_Time(s)
C101,10.0,828.94,10,828.94,10,828.94,10,828.94,10,828.94,10,828.94,10,828.94,10,828.94,10,828.94,10,828.94,10,828.94,10,10.00,0.000,828.94,828.94,0.00,0.00,-0.00,-0.00,6.99
C102,10.0,828.94,10,828.94,10,828.94,10,828.94,10,828.94,10,828.94,10,828.94,10,828.94,10,828.94,10,828.94,10,828.94,10,10.00,0.000,828.94,828.94,0.00,0.00,-0.00,-0.00,9.44
C103,10.0,828.06,10,828.07,10,828.07,10,828.07,10,828.07,10,828.07,10,828.07,10,828.07,10,828.07,10,828.07,10,828.07,10,10.00,0.000,828.07,828.07,0.00,0.00,0.00,0.00,11.08
C104,10.0,824.78,10,824.78,10,824.78,10,824.78,10,824.78,10,824.78,10,824.78,10,824.78,10,824.78,10,824.78,10,824.78,10,10.00,0.000,824.78,824.78,0.00,0.00,-0.00,-0.00,11.72
C105,10.0,828.94,10,828.94,10,828.94,10,828.94,10,828.94,10,828.94,10,828.94,10,828.94,10,828.94,10,828.94,10,828.94,10,10.00,0.000,828.94,828.94,0.00,0.00,-0.00,-0.00,11.07
C106,10.0,828.94,10,828.94,10,828.94,10,828.94,10,828.94,10,828.94,10,828.94,10,828.94,10,828.94,10,828.94,10,828.94,10,10.00,0.000,828.94,828.94,0.00,0.00,-0.00,-0.00,11.72
C107,10.0,828.94,10,828.94,10,828.94,10,828.94,10,828.94,10,828.94,10,828.94,10,828.94,10,828.94,10,828.94,10,828.94,10,10.00,0.000,828.94,828.94,0.00,0.00,-0.00,-0.00,10.89
C108,10.0,828.94,10,828.94,10,828.94,10,828.94,10,828.94,10,828.94,10,828.94,10,828.94,10,828.94,10,828.94,10,828.94,10,10.00,0.000,828.94,828.94,0.00,0.00,-0.00,-0.00,12.46
C109,10.0,828.94,10,828.94,10,828.94,10,828.94,10,828.94,10,828.94,10,828.94,10,828.94,10,828.94,10,828.94,10,828.94,10,10.00,0.000,828.94,828.94,0.00,0.00,-0.00,-0.00,12.75
C201,3.0,591.56,3,591.56,3,591.56,3,591.56,3,591.56,3,591.56,3,591.56,3,591.56,3,591.56,3,591.56,3,591.56,3,3.00,0.000,591.56,591.56,0.00,0.00,-0.00,-0.00,9.87
C202,3.0,591.56,3,591.56,3,591.56,3,591.56,3,591.56,3,591.56,3,591.56,3,591.56,3,591.56,3,591.56,3,591.56,3,3.00,0.000,591.56,591.56,0.00,0.00,-0.00,-0.00,12.62
C203,3.0,591.17,3,591.17,3,591.17,3,591.17,3,591.17,3,591.17,3,591.17,3,591.17,3,591.17,3,591.17,3,591.17,3,3.00,0.000,591.17,591.17,0.00,0.00,0.00,0.00,14.34
C204,3.0,590.6,3,590.60,3,590.60,3,590.60,3,590.60,3,590.60,3,590.60,3,590.60,3,590.60,3,590.60,3,590.60,3,3.00,0.000,590.60,590.60,0.00,0.00,-0.00,-0.00,14.86
C205,3.0,588.88,3,588.88,3,588.88,3,588.88,3,588.88,3,588.88,3,588.88,3,588.88,3,588.88,3,588.88,3,588.88,3,3.00,0.000,588.88,588.88,0.00,0.00,-0.00,-0.00,8.74
C206,3.0,588.49,3,588.49,3,588.49,3,588.49,3,588.49,3,588.49,3,588.49,3,588.49,3,588.49,3,588.49,3,588.49,3,3.00,0.000,588.49,588.49,0.00,0.00,0.00,0.00,9.16
C207,3.0,588.29,3,588.29,3,588.29,3,588.29,3,588.29,3,588.29,3,588.29,3,588.29,3,588.29,3,588.29,3,588.29,3,3.00,0.000,588.29,588.29,0.00,0.00,-0.00,-0.00,9.94
C208,3.0,588.32,3,588.32,3,588.32,3,588.32,3,588.32,3,588.32,3,588.32,3,588.32,3,588.32,3,588.32,3,588.32,3,3.00,0.000,588.32,588.32,0.00,0.00,0.00,0.00,9.49
R101,19.0,1650.8,19,1651.01,19,1650.80,19,1652.17,19,1651.01,19,1650.80,19,1650.80,19,1651.01,19,1650.80,19,1650.80,19,1651.01,19,19.00,0.000,1650.80,1651.02,0.40,0.00,0.01,0.01,13.17
R102,17.0,1486.12,17,1488.72,17,1491.86,17,1487.31,17,1487.31,17,1487.31,17,1487.31,17,1486.12,17,1486.12,17,1487.31,17,1487.31,17,17.00,0.000,1486.12,1487.67,1.56,0.00,0.10,0.10,17.52
R103,13.0,1292.68,14,1213.73,14,1213.73,14,1217.59,14,1213.62,14,1215.59,14,1213.62,14,1213.62,14,1214.70,13,1297.21,13,1301.71,13,13.80,0.400,1297.21,1231.51,34.01,0.80,-4.73,75.27,17.88
R104,9.0,1007.31,10,993.89,10,982.55,10,981.23,10,993.83,10,995.70,10,992.18,10,996.02,10,987.87,10,997.25,10,987.59,10,10.00,0.000,981.23,990.81,5.40,1.00,-1.64,98.36,16.64
R105,14.0,1377.11,14,1381.16,14,1377.63,14,1381.23,14,1388.25,14,1387.14,14,1377.11,14,1381.37,14,1377.11,14,1382.83,14,1387.14,14,14.00,0.000,1377.11,1382.10,4.01,0.00,0.36,0.36,12.38
R106,12.0,1252.03,12,1262.86,12,1262.86,12,1258.90,12,1261.67,12,1263.61,12,1278.12,12,1261.65,12,1258.48,12,1262.25,13,1239.37,12,12.10,0.300,1258.48,1260.98,8.88,0.10,0.71,10.71,17.14
R107,10.0,1104.66,11,1075.01,11,1076.65,11,1074.31,11,1075.45,11,1076.76,11,1072.12,11,1072.12,11,1075.45,11,1074.92,11,1075.45,11,11.00,0.000,1072.12,1074.82,1.52,1.00,-2.70,97.30,16.68
R108,9.0,960.88,10,952.11,10,946.42,10,952.93,10,947.66,10,971.27,9,964.77,10,952.87,10,954.38,10,946.42,10,952.76,9,9.90,0.300,964.77,954.16,7.59,0.90,-0.70,89.30,16.05
R109,11.0,1194.73,12,1153.89,12,1165.32,12,1162.50,12,1154.55,12,1153.02,12,1159.93,12,1167.06,12,1163.42,12,1153.89,12,1158.32,12,12.00,0.000,1153.02,1159.19,4.95,1.00,-2.97,97.03,13.24
R110,10.0,1118.84,11,1105.25,11,1080.64,11,1095.49,11,1086.56,11,1084.40,11,1087.08,11,1090.05,11,1107.24,11,1082.79,11,1096.99,11,11.00,0.000,1080.64,1091.65,8.79,1.00,-2.43,97.57,16.04
R111,10.0,1096.73,11,1054.22,11,1054.23,11,1054.23,11,1054.23,11,1054.22,11,1054.23,11,1054.23,11,1054.22,11,1054.22,11,1054.22,11,11.00,0.000,1054.22,1054.22,0.00,1.00,-3.88,96.12,15.99
R112,9.0,982.14,10,953.68,10,974.57,10,962.93,10,974.82,10,975.59,10,977.92,10,970.01,10,966.91,10,964.06,10,973.28,10,10.00,0.000,953.68,969.38,7.11,1.00,-1.30,98.70,15.86
R201,4.0,1252.37,4,1276.53,4,1261.09,4,1252.37,4,1252.37,4,1265.34,4,1271.23,4,1255.33,4,1253.23,4,1267.68,4,1253.23,4,4.00,0.000,1252.37,1260.84,8.43,0.00,0.68,0.68,11.17
R202,3.0,1191.7,4,1087.29,4,1087.81,4,1096.45,4,1082.46,4,1082.46,4,1084.38,4,1083.87,4,1094.06,4,1092.46,4,1081.32,4,4.00,0.000,1081.32,1087.26,5.09,1.00,-8.76,91.24,13.81
R203,3.0,939.5,3,952.23,3,964.46,3,950.44,3,967.40,3,960.76,3,958.16,3,946.62,3,952.38,3,962.30,3,971.95,3,3.00,0.000,946.62,958.67,7.73,0.00,2.04,2.04,15.05
R204,2.0,825.52,3,749.42,3,755.40,3,758.58,3,763.76,3,755.72,3,759.42,3,774.47,3,761.20,3,768.76,3,753.62,3,3.00,0.000,749.42,760.03,7.05,1.00,-7.93,92.07,15.30
R205,3.0,994.43,3,1028.60,3,1054.04,3,1016.85,3,1065.97,3,1033.89,3,1008.95,3,1032.39,3,1052.58,3,1034.64,3,1008.48,3,3.00,0.000,1008.48,1033.64,18.36,0.00,3.94,3.94,12.28
R206,3.0,906.14,3,941.84,3,924.07,3,913.24,3,926.70,3,906.14,3,914.31,3,917.38,3,906.14,3,929.50,3,957.27,3,3.00,0.000,906.14,923.66,15.34,0.00,1.93,1.93,13.43
R207,2.0,890.61,3,811.51,3,826.72,3,833.50,3,827.85,3,815.60,3,847.07,3,816.16,3,838.93,3,815.24,3,829.62,3,3.00,0.000,811.51,826.22,11.02,1.00,-7.23,92.77,14.96
R208,2.0,726.82,2,737.02,2,727.02,2,742.18,2,750.30,2,726.82,2,727.35,2,734.18,2,733.79,2,741.26,3,706.74,2,2.10,0.300,726.82,732.67,11.24,0.10,0.80,10.80,13.91
R209,3.0,909.16,3,937.85,3,928.71,3,929.50,3,918.37,3,938.81,3,938.44,3,928.88,3,934.86,3,934.42,3,935.83,3,3.00,0.000,918.37,932.57,6.00,0.00,2.57,2.57,14.34
R210,3.0,939.37,3,958.50,3,943.09,3,959.96,3,998.25,3,954.12,3,957.82,3,966.80,3,959.58,3,969.83,3,967.65,3,3.00,0.000,943.09,963.56,13.66,0.00,2.58,2.58,33.84
R211,2.0,885.71,3,800.48,3,785.77,3,791.61,3,772.07,3,794.47,3,812.08,3,797.49,3,772.07,3,790.91,3,772.07,3,3.00,0.000,772.07,788.90,12.83,1.00,-10.93,89.07,32.68
RC101,14.0,1696.95,15,1631.34,15,1642.86,15,1623.58,15,1631.34,15,1635.23,15,1631.34,15,1641.20,15,1632.49,15,1631.34,15,1641.20,15,15.00,0.000,1623.58,1634.19,5.68,1.00,-3.70,96.30,20.82
RC102,12.0,1554.75,14,1481.10,13,1530.69,13,1489.59,13,1513.76,13,1486.52,14,1491.64,13,1484.97,13,1484.97,13,1477.64,13,1489.59,13,13.20,0.400,1477.64,1493.05,15.57,1.20,-3.97,116.03,26.81
RC103,11.0,1261.67,11,1272.33,11,1264.63,11,1275.42,12,1283.66,11,1266.21,11,1275.42,11,1294.03,11,1276.08,11,1274.72,12,1284.23,11,11.20,0.400,1264.63,1276.67,8.29,0.20,1.19,21.19,14.62
RC104,10.0,1135.48,10,1147.98,10,1141.23,10,1139.50,10,1157.25,10,1142.58,10,1156.57,10,1152.22,10,1141.35,10,1161.62,10,1141.23,10,10.00,0.000,1139.50,1148.15,7.74,0.00,1.12,1.12,14.39
RC105,13.0,1629.44,14,1553.63,14,1540.18,14,1542.27,14,1553.08,14,1553.19,14,1548.42,14,1542.27,14,1551.30,14,1552.05,14,1542.55,14,14.00,0.000,1540.18,1547.89,5.18,1.00,-5.00,95.00,33.29
RC106,11.0,1424.73,12,1388.64,12,1394.16,12,1385.92,12,1385.56,12,1395.62,13,1400.41,12,1388.09,12,1414.09,12,1385.92,12,1417.19,12,12.10,0.300,1385.56,1395.56,11.07,1.10,-2.05,107.95,10.65
RC107,11.0,1230.48,11,1245.70,11,1233.21,11,1256.05,11,1270.92,12,1237.47,11,1235.94,11,1262.39,11,1258.90,12,1237.42,11,1239.08,11,11.20,0.400,1233.21,1247.71,12.60,0.20,1.40,21.40,14.16
RC108,10.0,1139.82,11,1118.07,10,1155.28,11,1134.85,11,1130.95,11,1128.28,11,1124.65,10,1140.42,10,1160.18,11,1134.85,11,1118.13,10,10.70,0.458,1140.42,1134.57,13.46,0.70,-0.46,69.54,14.81
RC201,4.0,1406.94,4,1416.81,4,1480.70,4,1462.61,4,1428.73,4,1468.31,4,1415.00,4,1431.39,5,1351.30,4,1464.91,4,1477.59,4,4.10,0.300,1415.00,1439.74,37.73,0.10,2.33,12.33,10.01
RC202,3.0,1365.65,4,1216.06,4,1176.30,4,1223.64,4,1174.39,4,1172.31,4,1189.25,4,1183.10,4,1184.38,4,1162.80,4,1162.80,4,4.00,0.000,1162.80,1184.50,19.53,1.00,-13.26,86.74,12.76
RC203,3.0,1049.62,4,977.45,3,1105.74,3,1084.37,3,1066.37,3,1089.53,3,1063.66,3,1071.91,3,1064.14,4,960.12,3,1104.02,3,3.20,0.400,1063.66,1058.73,47.42,0.20,0.87,20.87,14.06
RC204,3.0,798.46,3,803.77,3,798.46,3,798.46,3,817.98,3,834.40,3,871.99,3,799.02,3,812.08,3,825.65,3,827.31,3,3.00,0.000,798.46,818.91,21.64,0.00,2.56,2.56,13.72
RC205,4.0,1297.65,4,1354.42,4,1348.29,4,1360.47,4,1316.68,4,1365.85,4,1350.03,4,1324.38,4,1342.49,4,1360.13,4,1341.27,4,4.00,0.000,1316.68,1346.40,15.02,0.00,3.76,3.76,12.34
RC206,3.0,1146.32,4,1101.54,4,1089.95,4,1088.26,4,1085.16,4,1111.10,3,1146.32,4,1104.49,4,1089.76,4,1094.59,4,1088.22,3,3.90,0.300,1146.32,1099.94,17.39,0.90,-4.05,85.95,11.21
RC207,3.0,1061.14,4,1025.30,3,1102.96,3,1061.84,4,1014.92,4,1027.38,3,1084.77,3,1088.11,4,1026.06,4,1030.69,4,1007.78,3,3.60,0.490,1061.84,1046.98,32.55,0.60,-1.33,58.67,13.36
RC208,3.0,828.14,3,855.04,3,833.99,3,829.62,3,829.70,3,829.70,3,853.12,3,863.18,3,860.59,3,835.54,3,862.69,3,3.00,0.000,829.62,845.31,14.03,0.00,2.07,2.07,12.85
