Instancia,Opt_Veh,Opt_Dist,CLASSIC_BestVeh,CLASSIC_StdVeh,CLASSIC_BestDist,CLASSIC_StdDist,CLASSIC_AvgTime,CLASSIC_UnifiedGAP,QLEARNING_BestVeh,QLEARNING_StdVeh,QLEARNING_BestDist,QLEARNING_StdDist,QLEARNING_AvgTime,QLEARNING_UnifiedGAP
C101,10.0,828.94,10.0,0.000,828.94,0.00,16.07,-0.00,10.0,0.000,828.94,0.00,16.72,-0.00
C102,10.0,828.94,10.0,0.000,828.94,0.00,17.09,-0.00,10.0,0.000,828.94,0.00,16.49,-0.00
C103,10.0,828.06,10.0,0.000,828.07,0.00,18.65,0.00,10.0,0.000,828.07,0.00,19.71,0.00
C104,10.0,824.78,10.0,0.000,824.78,0.00,19.73,-0.00,10.0,0.000,824.78,0.00,23.82,-0.00
C105,10.0,828.94,10.0,0.000,828.94,0.00,17.93,-0.00,10.0,0.000,828.94,0.00,21.08,-0.00
C106,10.0,828.94,10.0,0.000,828.94,0.00,19.86,-0.00,10.0,0.000,828.94,0.00,24.35,-0.00
C107,10.0,828.94,10.0,0.000,828.94,0.00,18.82,-0.00,10.0,0.000,828.94,0.00,25.10,-0.00
C108,10.0,828.94,10.0,0.000,828.94,0.00,20.53,-0.00,10.0,0.000,828.94,0.00,24.57,-0.00
C109,10.0,828.94,10.0,0.000,828.94,0.00,20.32,-0.00,10.0,0.000,828.94,0.00,23.75,-0.00
C201,3.0,591.56,3.0,0.000,591.56,0.00,18.25,-0.00,3.0,0.000,591.56,0.00,19.00,-0.00
C202,3.0,591.56,3.0,0.000,591.56,0.00,20.63,-0.00,3.0,0.000,591.56,0.00,19.92,-0.00
C203,3.0,591.17,3.0,0.000,591.17,0.00,21.58,0.00,3.0,0.000,591.17,0.00,22.43,0.00
C204,3.0,590.6,3.0,0.000,590.60,23.86,22.26,1.35,3.0,0.000,590.60,0.00,21.82,-0.00
C205,3.0,588.88,3.0,0.000,588.88,0.00,15.39,-0.00,3.0,0.000,588.88,0.00,14.63,-0.00
C206,3.0,588.49,3.0,0.000,588.49,0.00,16.19,0.00,3.0,0.000,588.49,0.00,14.96,0.00
C207,3.0,588.29,3.0,0.000,588.29,0.00,16.73,-0.00,3.0,0.000,588.29,0.00,15.69,-0.00
C208,3.0,588.32,3.0,0.000,588.32,0.00,15.93,0.00,3.0,0.000,588.32,0.00,30.52,0.00
R101,19.0,1650.8,19.0,0.000,1650.80,1.04,90.48,0.03,19.0,0.000,1650.80,0.96,46.57,0.04
R102,17.0,1486.12,17.0,0.000,1486.12,0.79,28.08,0.06,17.0,0.000,1486.12,2.33,29.81,0.23
R103,13.0,1292.68,13.0,0.300,1294.75,24.17,25.39,84.57,13.0,0.490,1347.58,74.40,31.10,58.80
R104,9.0,1007.31,10.0,0.000,981.23,6.67,24.90,97.91,10.0,0.000,981.23,4.97,28.11,97.99
R105,14.0,1377.11,14.0,0.000,1377.11,3.84,22.74,0.26,14.0,0.000,1377.33,1.98,26.60,0.13
R106,12.0,1252.03,12.0,0.000,1258.07,2.93,26.37,0.82,12.0,0.000,1254.80,5.55,32.25,0.98
R107,10.0,1104.66,11.0,0.000,1072.12,4.39,25.85,97.38,11.0,0.000,1073.01,4.04,31.12,97.52
R108,9.0,960.88,10.0,0.000,944.50,4.96,25.21,99.08,10.0,0.000,946.42,4.31,29.70,99.02
R109,11.0,1194.73,12.0,0.000,1153.02,5.46,22.68,96.77,12.0,0.000,1153.52,3.66,26.96,96.96
R110,10.0,1118.84,11.0,0.000,1085.46,11.26,26.27,98.36,11.0,0.000,1083.12,7.44,31.02,97.59
R111,10.0,1096.73,11.0,0.000,1054.22,0.09,27.28,96.13,11.0,0.000,1054.22,3.76,31.63,96.29
R112,9.0,982.14,10.0,0.000,955.75,7.05,25.96,98.08,10.0,0.000,958.34,4.21,29.12,98.12
R201,4.0,1252.37,4.0,0.000,1253.23,8.30,21.10,0.96,4.0,0.000,1252.37,4.16,19.89,0.47
R202,3.0,1191.7,4.0,0.000,1081.32,8.52,72.62,91.79,4.0,0.000,1081.32,5.41,62.71,91.16
R203,3.0,939.5,3.0,0.000,943.50,7.84,20.92,1.39,3.0,0.000,942.40,6.44,20.08,1.07
R204,2.0,825.52,3.0,0.000,751.07,5.47,21.66,92.19,3.0,0.000,749.42,5.62,24.02,92.17
R205,3.0,994.43,3.0,0.000,1016.89,9.14,19.86,3.82,3.0,0.000,996.21,11.25,63.17,1.78
R206,3.0,906.14,3.0,0.000,912.40,10.87,69.70,2.42,3.0,0.000,906.14,12.72,21.03,1.92
R207,2.0,890.61,3.0,0.000,811.51,10.27,20.81,92.48,3.0,0.000,812.75,11.65,21.42,92.75
R208,2.0,726.82,2.0,0.400,733.18,10.01,21.01,21.11,2.0,0.000,726.82,7.12,23.39,0.99
R209,3.0,909.16,3.0,0.000,915.16,7.44,23.33,2.47,3.0,0.000,923.45,4.31,49.11,2.26
R210,3.0,939.37,3.0,0.000,939.37,11.26,48.94,2.64,3.0,0.000,954.12,3.14,20.84,2.37
R211,2.0,885.71,3.0,0.000,767.82,11.95,24.16,88.94,3.0,0.000,767.82,10.20,65.14,88.26
RC101,14.0,1696.95,15.0,0.000,1623.58,8.63,42.26,96.49,15.0,0.000,1623.58,3.49,21.32,96.07
RC102,12.0,1554.75,13.0,0.400,1481.04,11.84,23.27,116.06,13.0,0.400,1477.64,28.95,30.05,116.93
RC103,11.0,1261.67,11.0,0.300,1262.02,23.68,31.96,11.56,11.0,0.000,1263.54,21.37,73.28,2.27
RC104,10.0,1135.48,10.0,0.000,1135.83,8.74,41.91,0.80,10.0,0.000,1136.88,6.13,26.08,0.61
RC105,13.0,1629.44,14.0,0.000,1540.18,4.59,26.41,95.09,14.0,0.000,1541.22,5.74,28.08,95.06
RC106,11.0,1424.73,12.0,0.000,1385.92,4.15,23.24,97.49,12.0,0.300,1385.56,18.09,27.89,108.28
RC107,11.0,1230.48,11.0,0.000,1233.21,9.50,25.55,1.04,11.0,0.000,1231.53,7.80,30.15,1.31
RC108,10.0,1139.82,10.0,0.490,1139.82,7.44,26.64,59.61,10.0,0.490,1147.70,26.34,28.07,60.36
RC201,4.0,1406.94,4.0,0.000,1406.94,18.34,20.82,2.38,4.0,0.000,1406.94,19.22,19.93,2.18
RC202,3.0,1365.65,4.0,0.000,1162.80,18.49,23.78,87.39,4.0,0.000,1161.29,15.45,22.75,86.35
RC203,3.0,1049.62,3.0,0.300,1064.14,42.48,26.97,11.64,3.0,0.000,1066.90,45.69,26.89,4.54
RC204,3.0,798.46,3.0,0.000,798.46,9.68,25.53,1.54,3.0,0.000,798.46,8.62,27.01,1.37
RC205,4.0,1297.65,4.0,0.000,1314.51,21.06,23.91,3.19,4.0,0.000,1319.18,13.99,22.89,3.00
RC206,3.0,1146.32,3.0,0.300,1194.45,31.32,21.62,86.18,3.0,0.300,1146.32,36.32,26.42,11.85
RC207,3.0,1061.14,3.0,0.300,1103.54,24.15,31.85,87.48,3.0,0.400,1079.67,61.40,29.56,24.51
RC208,3.0,828.14,3.0,0.000,829.70,15.61,39.62,2.58,3.0,0.000,829.70,11.32,90.50,1.87
