Instancia,Algoritmo,Run,Tiempo_s
c101,CLASSIC,1,8.3125
c101,CLASSIC,2,8.29688
c101,CLASSIC,3,8.3125
c101,CLASSIC,4,8.39062
c101,CLASSIC,5,8.35938
c101,CLASSIC,6,8.57812
c101,CLASSIC,7,8.28125
c101,CLASSIC,8,8.39062
c101,CLASSIC,9,8.48438
c101,CLASSIC,10,8.34375
c101,QLEARNING,1,7.98438
c101,QLEARNING,2,7.875
c101,QLEARNING,3,7.85938
c101,QLEARNING,4,8.03125
c101,QLEARNING,5,8.04688
c101,QLEARNING,6,8.17188
c101,QLEARNING,7,8.29688
c101,QLEARNING,8,8.20312
c101,QLEARNING,9,8.10938
c101,QLEARNING,10,8.15625
c102,CLASSIC,1,10.8906
c102,CLASSIC,2,10.9531
c102,CLASSIC,3,12.1875
c102,CLASSIC,4,10.9375
c102,CLASSIC,5,11.8594
c102,CLASSIC,6,10.7031
c102,CLASSIC,7,11.9688
c102,CLASSIC,8,10.7188
c102,CLASSIC,9,11.0938
c102,CLASSIC,10,11.7812
c102,QLEARNING,1,10.9844
c102,QLEARNING,2,10.7344
c102,QLEARNING,3,11.0625
c102,QLEARNING,4,10.7969
c102,QLEARNING,5,11.9688
c102,QLEARNING,6,11.2969
c102,QLEARNING,7,10.8438
c102,QLEARNING,8,11.0156
c102,QLEARNING,9,11.8281
c102,QLEARNING,10,11.6562
c103,CLASSIC,1,12.4844
c103,CLASSIC,2,12.4375
c103,CLASSIC,3,13.1562
c103,CLASSIC,4,12.4062
c103,CLASSIC,5,12.3438
c103,CLASSIC,6,12.2656
c103,CLASSIC,7,12.125
c103,CLASSIC,8,12.1094
c103,CLASSIC,9,13.5312
c103,CLASSIC,10,12.1406
c103,QLEARNING,1,12.4375
c103,QLEARNING,2,12.7031
c103,QLEARNING,3,12.3906
c103,QLEARNING,4,12.3594
c103,QLEARNING,5,12.7656
c103,QLEARNING,6,11.9688
c103,QLEARNING,7,12.2969
c103,QLEARNING,8,13.2969
c103,QLEARNING,9,12.4688
c103,QLEARNING,10,12.2812
c104,CLASSIC,1,12.3906
c104,CLASSIC,2,13.0312
c104,CLASSIC,3,12.8281
c104,CLASSIC,4,12.3281
c104,CLASSIC,5,15.0312
c104,CLASSIC,6,16.6094
c104,CLASSIC,7,16.75
c104,CLASSIC,8,17.8594
c104,CLASSIC,9,19.5938
c104,CLASSIC,10,18.6406
c104,QLEARNING,1,21.5625
c104,QLEARNING,2,21.3906
c104,QLEARNING,3,22.1875
c104,QLEARNING,4,24.0625
c104,QLEARNING,5,23.9688
c104,QLEARNING,6,23.7031
c104,QLEARNING,7,23.8594
c104,QLEARNING,8,25.5781
c104,QLEARNING,9,25.0625
c104,QLEARNING,10,24.25
c105,CLASSIC,1,10.3906
c105,CLASSIC,2,11.5
c105,CLASSIC,3,11.5
c105,CLASSIC,4,11.8125
c105,CLASSIC,5,10.7812
c105,CLASSIC,6,10.4688
c105,CLASSIC,7,10.2188
c105,CLASSIC,8,10.6406
c105,CLASSIC,9,9.71875
c105,CLASSIC,10,11.6719
c105,QLEARNING,1,11.5312
c105,QLEARNING,2,8.3125
c105,QLEARNING,3,9.17188
c105,QLEARNING,4,9.8125
c105,QLEARNING,5,10.25
c105,QLEARNING,6,9.625
c105,QLEARNING,7,13.125
c105,QLEARNING,8,13.4062
c105,QLEARNING,9,13.7031
c105,QLEARNING,10,11.2656
c106,CLASSIC,1,13.875
c106,CLASSIC,2,14.3281
c106,CLASSIC,3,14.9375
c106,CLASSIC,4,15.9531
c106,CLASSIC,5,15.0469
c106,CLASSIC,6,12.5781
c106,CLASSIC,7,14.2188
c106,CLASSIC,8,13.9219
c106,CLASSIC,9,14.9062
c106,CLASSIC,10,14.6875
c106,QLEARNING,1,12.75
c106,QLEARNING,2,13.5938
c106,QLEARNING,3,12.4062
c106,QLEARNING,4,13.5781
c106,QLEARNING,5,14.0469
c106,QLEARNING,6,12.9219
c106,QLEARNING,7,12.3281
c106,QLEARNING,8,11.9062
c106,QLEARNING,9,12.25
c106,QLEARNING,10,12.625
c107,CLASSIC,1,11.4531
c107,CLASSIC,2,10.6562
c107,CLASSIC,3,11.7656
c107,CLASSIC,4,12.2031
c107,CLASSIC,5,11.9219
c107,CLASSIC,6,11.7969
c107,CLASSIC,7,11.4375
c107,CLASSIC,8,11.75
c107,CLASSIC,9,12.7812
c107,CLASSIC,10,11.0469
c107,QLEARNING,1,12.0312
c107,QLEARNING,2,12.7344
c107,QLEARNING,3,10.875
c107,QLEARNING,4,11.0312
c107,QLEARNING,5,11.4375
c107,QLEARNING,6,10.8281
c107,QLEARNING,7,11.6406
c107,QLEARNING,8,11.2969
c107,QLEARNING,9,10.8906
c107,QLEARNING,10,10.6875
c108,CLASSIC,1,15.7812
c108,CLASSIC,2,15.3438
c108,CLASSIC,3,15.5938
c108,CLASSIC,4,15.4531
c108,CLASSIC,5,13.5469
c108,CLASSIC,6,13.9531
c108,CLASSIC,7,12.7188
c108,CLASSIC,8,12.5
c108,CLASSIC,9,11.7969
c108,CLASSIC,10,12.5
c108,QLEARNING,1,14.1562
c108,QLEARNING,2,13.7188
c108,QLEARNING,3,13.0312
c108,QLEARNING,4,11.6094
c108,QLEARNING,5,11.4062
c108,QLEARNING,6,10.5469
c108,QLEARNING,7,11.2812
c108,QLEARNING,8,11.2344
c108,QLEARNING,9,11.0781
c108,QLEARNING,10,11.2969
c109,CLASSIC,1,12.0469
c109,CLASSIC,2,11.8906
c109,CLASSIC,3,10.8594
c109,CLASSIC,4,11.5469
c109,CLASSIC,5,10.8281
c109,CLASSIC,6,10.8125
c109,CLASSIC,7,11.5469
c109,CLASSIC,8,11.0469
c109,CLASSIC,9,10.9219
c109,CLASSIC,10,10.75
c109,QLEARNING,1,11.375
c109,QLEARNING,2,11.0938
c109,QLEARNING,3,11.0469
c109,QLEARNING,4,10.5938
c109,QLEARNING,5,10.9844
c109,QLEARNING,6,11.7969
c109,QLEARNING,7,11.1406
c109,QLEARNING,8,11.0781
c109,QLEARNING,9,11.7812
c109,QLEARNING,10,12.0312
c201,CLASSIC,1,8.64062
c201,CLASSIC,2,8.76562
c201,CLASSIC,3,8.5625
c201,CLASSIC,4,8.29688
c201,CLASSIC,5,8.57812
c201,CLASSIC,6,8.57812
c201,CLASSIC,7,8.5625
c201,CLASSIC,8,8.5
c201,CLASSIC,9,8.14062
c201,CLASSIC,10,8.53125
c201,QLEARNING,1,8.79688
c201,QLEARNING,2,8.60938
c201,QLEARNING,3,8.96875
c201,QLEARNING,4,9.17188
c201,QLEARNING,5,8.6875
c201,QLEARNING,6,9.34375
c201,QLEARNING,7,8.9375
c201,QLEARNING,8,9.60938
c201,QLEARNING,9,9.76562
c201,QLEARNING,10,8.79688
c202,CLASSIC,1,15.3438
c202,CLASSIC,2,16.3906
c202,CLASSIC,3,16.5625
c202,CLASSIC,4,16.8906
c202,CLASSIC,5,24.375
c202,CLASSIC,6,22.3438
c202,CLASSIC,7,23.4062
c202,CLASSIC,8,22.8906
c202,CLASSIC,9,21.5938
c202,CLASSIC,10,25.1719
c202,QLEARNING,1,25.4219
c202,QLEARNING,2,23.3594
c202,QLEARNING,3,17.0625
c202,QLEARNING,4,20.0
c202,QLEARNING,5,15.9688
c202,QLEARNING,6,15.8594
c202,QLEARNING,7,16.8125
c202,QLEARNING,8,19.375
c202,QLEARNING,9,19.6875
c202,QLEARNING,10,17.3125
c203,CLASSIC,1,19.8438
c203,CLASSIC,2,20.5625
c203,CLASSIC,3,19.1094
c203,CLASSIC,4,19.8438
c203,CLASSIC,5,17.625
c203,CLASSIC,6,19.0938
c203,CLASSIC,7,18.5625
c203,CLASSIC,8,18.75
c203,CLASSIC,9,18.2969
c203,CLASSIC,10,18.2188
c203,QLEARNING,1,19.8281
c203,QLEARNING,2,23.9531
c203,QLEARNING,3,20.9844
c203,QLEARNING,4,19.8438
c203,QLEARNING,5,24.4062
c203,QLEARNING,6,21.25
c203,QLEARNING,7,21.2031
c203,QLEARNING,8,21.7188
c203,QLEARNING,9,21.4062
c203,QLEARNING,10,20.0156
c204,CLASSIC,1,19.1094
c204,CLASSIC,2,19.6406
c204,CLASSIC,3,19.8594
c204,CLASSIC,4,20.1094
c204,CLASSIC,5,20.4062
c204,CLASSIC,6,20.3125
c204,CLASSIC,7,19.4062
c204,CLASSIC,8,23.7812
c204,CLASSIC,9,18.6719
c204,CLASSIC,10,19.1562
c204,QLEARNING,1,20.9531
c204,QLEARNING,2,20.3281
c204,QLEARNING,3,22.8594
c204,QLEARNING,4,22.7031
c204,QLEARNING,5,21.7188
c204,QLEARNING,6,20.3906
c204,QLEARNING,7,20.1875
c204,QLEARNING,8,19.9688
c204,QLEARNING,9,20.7812
c204,QLEARNING,10,23.375
c205,CLASSIC,1,7.57812
c205,CLASSIC,2,10.2812
c205,CLASSIC,3,6.67188
c205,CLASSIC,4,18.5781
c205,CLASSIC,5,11.9688
c205,CLASSIC,6,11.7656
c205,CLASSIC,7,11.8906
c205,CLASSIC,8,9.73438
c205,CLASSIC,9,7.35938
c205,CLASSIC,10,9.125
c205,QLEARNING,1,7.96875
c205,QLEARNING,2,7.0
c205,QLEARNING,3,7.21875
c205,QLEARNING,4,7.71875
c205,QLEARNING,5,8.125
c205,QLEARNING,6,7.70312
c205,QLEARNING,7,8.01562
c205,QLEARNING,8,7.65625
c205,QLEARNING,9,7.17188
c205,QLEARNING,10,11.7344
c206,CLASSIC,1,9.09375
c206,CLASSIC,2,8.95312
c206,CLASSIC,3,8.65625
c206,CLASSIC,4,8.875
c206,CLASSIC,5,7.25
c206,CLASSIC,6,7.17188
c206,CLASSIC,7,7.76562
c206,CLASSIC,8,8.09375
c206,CLASSIC,9,9.10938
c206,CLASSIC,10,8.59375
c206,QLEARNING,1,11.3438
c206,QLEARNING,2,11.0469
c206,QLEARNING,3,11.4844
c206,QLEARNING,4,11.3281
c206,QLEARNING,5,11.0
c206,QLEARNING,6,11.1406
c206,QLEARNING,7,11.9531
c206,QLEARNING,8,12.9375
c206,QLEARNING,9,12.6875
c206,QLEARNING,10,13.0625
c207,CLASSIC,1,12.6875
c207,CLASSIC,2,9.46875
c207,CLASSIC,3,12.3281
c207,CLASSIC,4,9.53125
c207,CLASSIC,5,9.34375
c207,CLASSIC,6,9.28125
c207,CLASSIC,7,11.1719
c207,CLASSIC,8,9.65625
c207,CLASSIC,9,9.04688
c207,CLASSIC,10,10.1875
c207,QLEARNING,1,10.3438
c207,QLEARNING,2,9.34375
c207,QLEARNING,3,8.625
c207,QLEARNING,4,8.85938
c207,QLEARNING,5,9.60938
c207,QLEARNING,6,11.5938
c207,QLEARNING,7,15.9062
c207,QLEARNING,8,13.2344
c207,QLEARNING,9,15.0938
c207,QLEARNING,10,14.4219
c208,CLASSIC,1,14.0156
c208,CLASSIC,2,12.4531
c208,CLASSIC,3,10.8125
c208,CLASSIC,4,10.2969
c208,CLASSIC,5,11.4844
c208,CLASSIC,6,11.0781
c208,CLASSIC,7,11.2656
c208,CLASSIC,8,10.875
c208,CLASSIC,9,10.7344
c208,CLASSIC,10,10.4688
c208,QLEARNING,1,9.625
c208,QLEARNING,2,9.20312
c208,QLEARNING,3,6.85938
c208,QLEARNING,4,6.6875
c208,QLEARNING,5,6.375
c208,QLEARNING,6,5.67188
c208,QLEARNING,7,6.57812
c208,QLEARNING,8,5.54688
c208,QLEARNING,9,7.85938
c208,QLEARNING,10,9.14062
r101,CLASSIC,1,11.7344
r101,CLASSIC,2,11.8125
r101,CLASSIC,3,11.6875
r101,CLASSIC,4,11.5625
r101,CLASSIC,5,11.5
r101,CLASSIC,6,11.9531
r101,CLASSIC,7,11.5
r101,CLASSIC,8,11.5469
r101,CLASSIC,9,11.5938
r101,CLASSIC,10,11.7656
r101,QLEARNING,1,11.0938
r101,QLEARNING,2,11.8125
r101,QLEARNING,3,11.7031
r101,QLEARNING,4,11.625
r101,QLEARNING,5,11.7188
r101,QLEARNING,6,11.4844
r101,QLEARNING,7,11.8906
r101,QLEARNING,8,11.5469
r101,QLEARNING,9,11.7344
r101,QLEARNING,10,11.5938
r102,CLASSIC,1,15.3906
r102,CLASSIC,2,15.1562
r102,CLASSIC,3,15.375
r102,CLASSIC,4,15.7031
r102,CLASSIC,5,15.7188
r102,CLASSIC,6,15.5938
r102,CLASSIC,7,15.0
r102,CLASSIC,8,15.1875
r102,CLASSIC,9,15.9219
r102,CLASSIC,10,15.0156
r102,QLEARNING,1,18.4375
r102,QLEARNING,2,25.0469
r102,QLEARNING,3,28.5938
r102,QLEARNING,4,30.6875
r102,QLEARNING,5,29.7031
r102,QLEARNING,6,31.6094
r102,QLEARNING,7,37.8594
r102,QLEARNING,8,36.9844
r102,QLEARNING,9,39.4062
r102,QLEARNING,10,39.7969
r103,CLASSIC,1,38.3281
r103,CLASSIC,2,34.0469
r103,CLASSIC,3,34.6094
r103,CLASSIC,4,34.4062
r103,CLASSIC,5,32.625
r103,CLASSIC,6,33.7656
r103,CLASSIC,7,26.9844
r103,CLASSIC,8,27.25
r103,CLASSIC,9,27.75
r103,CLASSIC,10,27.9844
r103,QLEARNING,1,29.6406
r103,QLEARNING,2,24.4688
r103,QLEARNING,3,27.1562
r103,QLEARNING,4,24.9688
r103,QLEARNING,5,25.2344
r103,QLEARNING,6,29.7344
r103,QLEARNING,7,27.2344
r103,QLEARNING,8,27.0938
r103,QLEARNING,9,25.7031
r103,QLEARNING,10,26.9531
r104,CLASSIC,1,24.4375
r104,CLASSIC,2,22.8906
r104,CLASSIC,3,23.5625
r104,CLASSIC,4,21.3906
r104,CLASSIC,5,23.9375
r104,CLASSIC,6,23.7031
r104,CLASSIC,7,21.4062
r104,CLASSIC,8,21.6562
r104,CLASSIC,9,21.5781
r104,CLASSIC,10,20.7188
r104,QLEARNING,1,21.1094
r104,QLEARNING,2,22.9062
r104,QLEARNING,3,22.1719
r104,QLEARNING,4,22.7344
r104,QLEARNING,5,22.4375
r104,QLEARNING,6,27.5156
r104,QLEARNING,7,31.2344
r104,QLEARNING,8,30.4062
r104,QLEARNING,9,26.5469
r104,QLEARNING,10,22.1094
r105,CLASSIC,1,16.25
r105,CLASSIC,2,15.6719
r105,CLASSIC,3,15.5
r105,CLASSIC,4,15.9219
r105,CLASSIC,5,16.3125
r105,CLASSIC,6,15.1719
r105,CLASSIC,7,15.2656
r105,CLASSIC,8,15.5625
r105,CLASSIC,9,15.0312
r105,CLASSIC,10,15.0938
r105,QLEARNING,1,14.7344
r105,QLEARNING,2,16.6562
r105,QLEARNING,3,15.625
r105,QLEARNING,4,14.3906
r105,QLEARNING,5,15.875
r105,QLEARNING,6,17.375
r105,QLEARNING,7,17.0625
r105,QLEARNING,8,16.7656
r105,QLEARNING,9,16.2656
r105,QLEARNING,10,16.4219
r106,CLASSIC,1,26.0156
r106,CLASSIC,2,25.0469
r106,CLASSIC,3,26.7656
r106,CLASSIC,4,25.7812
r106,CLASSIC,5,27.9062
r106,CLASSIC,6,27.1719
r106,CLASSIC,7,26.9062
r106,CLASSIC,8,26.6875
r106,CLASSIC,9,26.5625
r106,CLASSIC,10,25.7656
r106,QLEARNING,1,26.8906
r106,QLEARNING,2,27.7969
r106,QLEARNING,3,26.0781
r106,QLEARNING,4,24.9531
r106,QLEARNING,5,28.6406
r106,QLEARNING,6,24.8438
r106,QLEARNING,7,27.0781
r106,QLEARNING,8,27.8594
r106,QLEARNING,9,26.1562
r106,QLEARNING,10,25.9219
r107,CLASSIC,1,24.375
r107,CLASSIC,2,24.9844
r107,CLASSIC,3,25.9844
r107,CLASSIC,4,23.8125
r107,CLASSIC,5,23.7344
r107,CLASSIC,6,24.1406
r107,CLASSIC,7,24.0625
r107,CLASSIC,8,24.4688
r107,CLASSIC,9,23.9062
r107,CLASSIC,10,23.75
r107,QLEARNING,1,24.2031
r107,QLEARNING,2,23.7656
r107,QLEARNING,3,24.1094
r107,QLEARNING,4,25.0938
r107,QLEARNING,5,24.8438
r107,QLEARNING,6,25.7812
r107,QLEARNING,7,25.8125
r107,QLEARNING,8,23.8438
r107,QLEARNING,9,24.1875
r107,QLEARNING,10,25.2812
r108,CLASSIC,1,23.0938
r108,CLASSIC,2,22.7188
r108,CLASSIC,3,21.5938
r108,CLASSIC,4,23.9219
r108,CLASSIC,5,25.3438
r108,CLASSIC,6,24.0938
r108,CLASSIC,7,26.7969
r108,CLASSIC,8,23.625
r108,CLASSIC,9,24.4531
r108,CLASSIC,10,23.5781
r108,QLEARNING,1,23.7969
r108,QLEARNING,2,26.5625
r108,QLEARNING,3,27.6094
r108,QLEARNING,4,27.125
r108,QLEARNING,5,29.7188
r108,QLEARNING,6,28.3281
r108,QLEARNING,7,28.0469
r108,QLEARNING,8,28.25
r108,QLEARNING,9,26.6875
r108,QLEARNING,10,26.8281
r109,CLASSIC,1,18.5625
r109,CLASSIC,2,24.2031
r109,CLASSIC,3,18.8438
r109,CLASSIC,4,18.625
r109,CLASSIC,5,25.2812
r109,CLASSIC,6,18.8125
r109,CLASSIC,7,23.8594
r109,CLASSIC,8,23.8594
r109,CLASSIC,9,19.0469
r109,CLASSIC,10,19.6719
r109,QLEARNING,1,18.9219
r109,QLEARNING,2,18.5312
r109,QLEARNING,3,20.6875
r109,QLEARNING,4,20.2031
r109,QLEARNING,5,18.0938
r109,QLEARNING,6,18.9531
r109,QLEARNING,7,18.2031
r109,QLEARNING,8,18.5781
r109,QLEARNING,9,17.7969
r109,QLEARNING,10,18.5312
r110,CLASSIC,1,20.5156
r110,CLASSIC,2,18.5938
r110,CLASSIC,3,17.4375
r110,CLASSIC,4,20.25
r110,CLASSIC,5,19.0156
r110,CLASSIC,6,17.7656
r110,CLASSIC,7,16.4062
r110,CLASSIC,8,16.4062
r110,CLASSIC,9,16.4062
r110,CLASSIC,10,19.3438
r110,QLEARNING,1,19.2344
r110,QLEARNING,2,15.8438
r110,QLEARNING,3,15.5156
r110,QLEARNING,4,15.4844
r110,QLEARNING,5,14.0469
r110,QLEARNING,6,14.2344
r110,QLEARNING,7,16.7031
r110,QLEARNING,8,15.0781
r110,QLEARNING,9,15.125
r110,QLEARNING,10,15.2969
r111,CLASSIC,1,15.6875
r111,CLASSIC,2,15.3906
r111,CLASSIC,3,14.4375
r111,CLASSIC,4,15.1875
r111,CLASSIC,5,14.1719
r111,CLASSIC,6,14.0938
r111,CLASSIC,7,13.9844
r111,CLASSIC,8,15.5312
r111,CLASSIC,9,14.75
r111,CLASSIC,10,13.6406
r111,QLEARNING,1,13.4062
r111,QLEARNING,2,13.3281
r111,QLEARNING,3,11.5156
r111,QLEARNING,4,11.75
r111,QLEARNING,5,12.0156
r111,QLEARNING,6,11.6406
r111,QLEARNING,7,13.3906
r111,QLEARNING,8,11.5
r111,QLEARNING,9,12.4219
r111,QLEARNING,10,12.8906
r112,CLASSIC,1,11.6719
r112,CLASSIC,2,11.4844
r112,CLASSIC,3,13.0469
r112,CLASSIC,4,12.8906
r112,CLASSIC,5,12.6094
r112,CLASSIC,6,11.9688
r112,CLASSIC,7,12.375
r112,CLASSIC,8,12.8438
r112,CLASSIC,9,14.375
r112,CLASSIC,10,14.6406
r112,QLEARNING,1,14.4375
r112,QLEARNING,2,14.9375
r112,QLEARNING,3,16.7344
r112,QLEARNING,4,15.7656
r112,QLEARNING,5,15.1719
r112,QLEARNING,6,15.9062
r112,QLEARNING,7,15.9219
r112,QLEARNING,8,15.0781
r112,QLEARNING,9,15.8594
r112,QLEARNING,10,14.9844
r201,CLASSIC,1,10.5
r201,CLASSIC,2,10.5781
r201,CLASSIC,3,10.5
r201,CLASSIC,4,10.5469
r201,CLASSIC,5,10.5469
r201,CLASSIC,6,10.3906
r201,CLASSIC,7,10.5781
r201,CLASSIC,8,10.5
r201,CLASSIC,9,10.3438
r201,CLASSIC,10,10.3438
r201,QLEARNING,1,10.1562
r201,QLEARNING,2,10.4219
r201,QLEARNING,3,10.3438
r201,QLEARNING,4,10.2656
r201,QLEARNING,5,10.4688
r201,QLEARNING,6,10.2031
r201,QLEARNING,7,10.7188
r201,QLEARNING,8,10.3438
r201,QLEARNING,9,10.2812
r201,QLEARNING,10,10.5625
r202,CLASSIC,1,12.7344
r202,CLASSIC,2,13.0938
r202,CLASSIC,3,12.9375
r202,CLASSIC,4,12.8906
r202,CLASSIC,5,12.9531
r202,CLASSIC,6,13.125
r202,CLASSIC,7,13.0781
r202,CLASSIC,8,13.0938
r202,CLASSIC,9,13.0312
r202,CLASSIC,10,13.9375
r202,QLEARNING,1,12.8125
r202,QLEARNING,2,13.0781
r202,QLEARNING,3,14.0781
r202,QLEARNING,4,13.8438
r202,QLEARNING,5,13.0156
r202,QLEARNING,6,13.7344
r202,QLEARNING,7,13.8594
r202,QLEARNING,8,13.0938
r202,QLEARNING,9,13.0781
r202,QLEARNING,10,13.5625
r203,CLASSIC,1,13.7344
r203,CLASSIC,2,15.3906
r203,CLASSIC,3,14.1406
r203,CLASSIC,4,14.0469
r203,CLASSIC,5,15.5781
r203,CLASSIC,6,13.6875
r203,CLASSIC,7,14.0781
r203,CLASSIC,8,13.9219
r203,CLASSIC,9,13.4375
r203,CLASSIC,10,13.8438
r203,QLEARNING,1,14.0156
r203,QLEARNING,2,14.0156
r203,QLEARNING,3,14.2969
r203,QLEARNING,4,14.25
r203,QLEARNING,5,15.2031
r203,QLEARNING,6,14.3281
r203,QLEARNING,7,14.2656
r203,QLEARNING,8,13.7812
r203,QLEARNING,9,13.875
r203,QLEARNING,10,13.9688
r204,CLASSIC,1,14.5938
r204,CLASSIC,2,14.5156
r204,CLASSIC,3,15.0312
r204,CLASSIC,4,14.6875
r204,CLASSIC,5,14.5781
r204,CLASSIC,6,14.7344
r204,CLASSIC,7,14.375
r204,CLASSIC,8,14.7031
r204,CLASSIC,9,14.8438
r204,CLASSIC,10,14.6562
r204,QLEARNING,1,15.1094
r204,QLEARNING,2,15.1719
r204,QLEARNING,3,14.6562
r204,QLEARNING,4,14.625
r204,QLEARNING,5,14.5781
r204,QLEARNING,6,15.0156
r204,QLEARNING,7,14.4844
r204,QLEARNING,8,14.6875
r204,QLEARNING,9,14.625
r204,QLEARNING,10,15.1094
r205,CLASSIC,1,10.7188
r205,CLASSIC,2,10.5312
r205,CLASSIC,3,10.6875
r205,CLASSIC,4,10.4219
r205,CLASSIC,5,10.4844
r205,CLASSIC,6,10.5625
r205,CLASSIC,7,12.4688
r205,CLASSIC,8,10.3906
r205,CLASSIC,9,11.0625
r205,CLASSIC,10,10.5312
r205,QLEARNING,1,10.9844
r205,QLEARNING,2,10.875
r205,QLEARNING,3,10.7812
r205,QLEARNING,4,10.8281
r205,QLEARNING,5,11.0156
r205,QLEARNING,6,10.6719
r205,QLEARNING,7,10.625
r205,QLEARNING,8,10.8906
r205,QLEARNING,9,10.8906
r205,QLEARNING,10,12.5938
r206,CLASSIC,1,12.1719
r206,CLASSIC,2,12.9375
r206,CLASSIC,3,12.2188
r206,CLASSIC,4,12.3594
r206,CLASSIC,5,12.875
r206,CLASSIC,6,12.625
r206,CLASSIC,7,12.375
r206,CLASSIC,8,12.2812
r206,CLASSIC,9,12.2344
r206,CLASSIC,10,12.375
r206,QLEARNING,1,12.7188
r206,QLEARNING,2,12.625
r206,QLEARNING,3,12.25
r206,QLEARNING,4,12.3906
r206,QLEARNING,5,13.2344
r206,QLEARNING,6,12.5156
r206,QLEARNING,7,12.5781
r206,QLEARNING,8,12.7812
r206,QLEARNING,9,12.2812
r206,QLEARNING,10,13.375
r207,CLASSIC,1,14.0156
r207,CLASSIC,2,13.9688
r207,CLASSIC,3,14.1562
r207,CLASSIC,4,14.0156
r207,CLASSIC,5,14.0469
r207,CLASSIC,6,13.9219
r207,CLASSIC,7,13.7031
r207,CLASSIC,8,13.9844
r207,CLASSIC,9,13.9844
r207,CLASSIC,10,13.9844
r207,QLEARNING,1,14.0312
r207,QLEARNING,2,14.5
r207,QLEARNING,3,14.0781
r207,QLEARNING,4,14.2969
r207,QLEARNING,5,13.9844
r207,QLEARNING,6,13.875
r207,QLEARNING,7,14.4688
r207,QLEARNING,8,13.7188
r207,QLEARNING,9,13.75
r207,QLEARNING,10,14.2812
r208,CLASSIC,1,13.3906
r208,CLASSIC,2,13.3281
r208,CLASSIC,3,13.7344
r208,CLASSIC,4,13.7031
r208,CLASSIC,5,15.0312
r208,CLASSIC,6,13.3906
r208,CLASSIC,7,13.875
r208,CLASSIC,8,13.5625
r208,CLASSIC,9,13.4531
r208,CLASSIC,10,13.3438
r208,QLEARNING,1,13.6406
r208,QLEARNING,2,14.2188
r208,QLEARNING,3,13.9375
r208,QLEARNING,4,13.7031
r208,QLEARNING,5,14.2031
r208,QLEARNING,6,15.4062
r208,QLEARNING,7,13.9688
r208,QLEARNING,8,13.7344
r208,QLEARNING,9,13.4219
r208,QLEARNING,10,13.9688
r209,CLASSIC,1,12.1562
r209,CLASSIC,2,12.0156
r209,CLASSIC,3,12.4531
r209,CLASSIC,4,12.4844
r209,CLASSIC,5,12.2344
r209,CLASSIC,6,12.2656
r209,CLASSIC,7,12.25
r209,CLASSIC,8,12.1406
r209,CLASSIC,9,12.125
r209,CLASSIC,10,14.2344
r209,QLEARNING,1,12.6562
r209,QLEARNING,2,12.5
r209,QLEARNING,3,13.9219
r209,QLEARNING,4,12.5312
r209,QLEARNING,5,12.4688
r209,QLEARNING,6,12.5938
r209,QLEARNING,7,13.1094
r209,QLEARNING,8,12.8125
r209,QLEARNING,9,13.625
r209,QLEARNING,10,12.4219
r210,CLASSIC,1,12.8125
r210,CLASSIC,2,12.9375
r210,CLASSIC,3,12.9062
r210,CLASSIC,4,13.1094
r210,CLASSIC,5,13.625
r210,CLASSIC,6,12.9531
r210,CLASSIC,7,13.2344
r210,CLASSIC,8,14.0156
r210,CLASSIC,9,13.4688
r210,CLASSIC,10,14.2031
r210,QLEARNING,1,13.7188
r210,QLEARNING,2,14.5781
r210,QLEARNING,3,14.1875
r210,QLEARNING,4,13.9531
r210,QLEARNING,5,14.0469
r210,QLEARNING,6,15.0
r210,QLEARNING,7,15.4688
r210,QLEARNING,8,14.5312
r210,QLEARNING,9,13.75
r210,QLEARNING,10,12.0312
r211,CLASSIC,1,9.5625
r211,CLASSIC,2,9.53125
r211,CLASSIC,3,8.3125
r211,CLASSIC,4,9.5625
r211,CLASSIC,5,10.0625
r211,CLASSIC,6,10.7188
r211,CLASSIC,7,10.375
r211,CLASSIC,8,9.625
r211,CLASSIC,9,8.10938
r211,CLASSIC,10,9.03125
r211,QLEARNING,1,9.57812
r211,QLEARNING,2,9.64062
r211,QLEARNING,3,8.5
r211,QLEARNING,4,11.1719
r211,QLEARNING,5,10.625
r211,QLEARNING,6,11.5625
r211,QLEARNING,7,9.45312
r211,QLEARNING,8,9.60938
r211,QLEARNING,9,9.95312
r211,QLEARNING,10,8.875
rc101,CLASSIC,1,7.17188
rc101,CLASSIC,2,6.84375
rc101,CLASSIC,3,7.5
rc101,CLASSIC,4,7.5625
rc101,CLASSIC,5,6.76562
rc101,CLASSIC,6,6.92188
rc101,CLASSIC,7,7.21875
rc101,CLASSIC,8,7.35938
rc101,CLASSIC,9,7.17188
rc101,CLASSIC,10,6.21875
rc101,QLEARNING,1,7.39062
rc101,QLEARNING,2,7.76562
rc101,QLEARNING,3,7.625
rc101,QLEARNING,4,9.03125
rc101,QLEARNING,5,8.875
rc101,QLEARNING,6,8.53125
rc101,QLEARNING,7,8.67188
rc101,QLEARNING,8,8.96875
rc101,QLEARNING,9,7.95312
rc101,QLEARNING,10,8.5625
rc102,CLASSIC,1,12.2031
rc102,CLASSIC,2,11.5781
rc102,CLASSIC,3,11.0
rc102,CLASSIC,4,11.6562
rc102,CLASSIC,5,10.0469
rc102,CLASSIC,6,9.70312
rc102,CLASSIC,7,9.09375
rc102,CLASSIC,8,9.9375
rc102,CLASSIC,9,9.28125
rc102,CLASSIC,10,9.09375
rc102,QLEARNING,1,8.95312
rc102,QLEARNING,2,9.82812
rc102,QLEARNING,3,10.4531
rc102,QLEARNING,4,10.0469
rc102,QLEARNING,5,9.90625
rc102,QLEARNING,6,10.1719
rc102,QLEARNING,7,12.6719
rc102,QLEARNING,8,14.3125
rc102,QLEARNING,9,13.9062
rc102,QLEARNING,10,14.3438
rc103,CLASSIC,1,15.5312
rc103,CLASSIC,2,15.1406
rc103,CLASSIC,3,15.5156
rc103,CLASSIC,4,15.3281
rc103,CLASSIC,5,16.1719
rc103,CLASSIC,6,15.9375
rc103,CLASSIC,7,15.7656
rc103,CLASSIC,8,16.2344
rc103,CLASSIC,9,16.9531
rc103,CLASSIC,10,16.3125
rc103,QLEARNING,1,14.75
rc103,QLEARNING,2,14.4688
rc103,QLEARNING,3,10.625
rc103,QLEARNING,4,11.25
rc103,QLEARNING,5,11.3594
rc103,QLEARNING,6,10.0625
rc103,QLEARNING,7,11.7031
rc103,QLEARNING,8,11.4844
rc103,QLEARNING,9,11.9688
rc103,QLEARNING,10,12.3906
rc104,CLASSIC,1,9.875
rc104,CLASSIC,2,10.3125
rc104,CLASSIC,3,10.375
rc104,CLASSIC,4,10.2188
rc104,CLASSIC,5,8.96875
rc104,CLASSIC,6,10.0
rc104,CLASSIC,7,10.25
rc104,CLASSIC,8,10.6562
rc104,CLASSIC,9,10.9062
rc104,CLASSIC,10,9.89062
rc104,QLEARNING,1,10.0156
rc104,QLEARNING,2,9.51562
rc104,QLEARNING,3,9.0
rc104,QLEARNING,4,9.73438
rc104,QLEARNING,5,9.95312
rc104,QLEARNING,6,10.7188
rc104,QLEARNING,7,10.5
rc104,QLEARNING,8,10.4375
rc104,QLEARNING,9,11.2656
rc104,QLEARNING,10,10.1406
rc105,CLASSIC,1,10.1094
rc105,CLASSIC,2,10.0469
rc105,CLASSIC,3,10.3906
rc105,CLASSIC,4,10.3438
rc105,CLASSIC,5,10.7969
rc105,CLASSIC,6,11.4688
rc105,CLASSIC,7,9.625
rc105,CLASSIC,8,10.0469
rc105,CLASSIC,9,9.59375
rc105,CLASSIC,10,9.96875
rc105,QLEARNING,1,9.92188
rc105,QLEARNING,2,9.89062
rc105,QLEARNING,3,10.2188
rc105,QLEARNING,4,11.2656
rc105,QLEARNING,5,10.75
rc105,QLEARNING,6,10.8438
rc105,QLEARNING,7,10.4219
rc105,QLEARNING,8,9.95312
rc105,QLEARNING,9,9.45312
rc105,QLEARNING,10,10.3906
rc106,CLASSIC,1,9.70312
rc106,CLASSIC,2,9.64062
rc106,CLASSIC,3,9.51562
rc106,CLASSIC,4,8.79688
rc106,CLASSIC,5,8.0625
rc106,CLASSIC,6,8.9375
rc106,CLASSIC,7,9.09375
rc106,CLASSIC,8,8.03125
rc106,CLASSIC,9,8.125
rc106,CLASSIC,10,8.10938
rc106,QLEARNING,1,8.6875
rc106,QLEARNING,2,9.21875
rc106,QLEARNING,3,9.25
rc106,QLEARNING,4,10.2656
rc106,QLEARNING,5,9.89062
rc106,QLEARNING,6,10.5781
rc106,QLEARNING,7,10.0312
rc106,QLEARNING,8,10.2656
rc106,QLEARNING,9,9.90625
rc106,QLEARNING,10,9.57812
rc107,CLASSIC,1,10.8594
rc107,CLASSIC,2,11.1719
rc107,CLASSIC,3,13.5156
rc107,CLASSIC,4,11.8281
rc107,CLASSIC,5,10.7969
rc107,CLASSIC,6,9.82812
rc107,CLASSIC,7,9.90625
rc107,CLASSIC,8,11.2031
rc107,CLASSIC,9,10.5781
rc107,CLASSIC,10,11.7812
rc107,QLEARNING,1,12.5
rc107,QLEARNING,2,12.1875
rc107,QLEARNING,3,11.9688
rc107,QLEARNING,4,12.8906
rc107,QLEARNING,5,12.4062
rc107,QLEARNING,6,11.8594
rc107,QLEARNING,7,10.3438
rc107,QLEARNING,8,9.95312
rc107,QLEARNING,9,9.76562
rc107,QLEARNING,10,11.75
rc108,CLASSIC,1,10.8125
rc108,CLASSIC,2,10.5
rc108,CLASSIC,3,10.1094
rc108,CLASSIC,4,10.4844
rc108,CLASSIC,5,11.1719
rc108,CLASSIC,6,9.67188
rc108,CLASSIC,7,12.2031
rc108,CLASSIC,8,14.75
rc108,CLASSIC,9,12.1094
rc108,CLASSIC,10,11.8906
rc108,QLEARNING,1,11.5156
rc108,QLEARNING,2,10.0625
rc108,QLEARNING,3,9.67188
rc108,QLEARNING,4,9.89062
rc108,QLEARNING,5,9.51562
rc108,QLEARNING,6,9.01562
rc108,QLEARNING,7,9.64062
rc108,QLEARNING,8,10.0
rc108,QLEARNING,9,9.59375
rc108,QLEARNING,10,9.71875
rc201,CLASSIC,1,5.59375
rc201,CLASSIC,2,5.39062
rc201,CLASSIC,3,5.67188
rc201,CLASSIC,4,6.01562
rc201,CLASSIC,5,6.375
rc201,CLASSIC,6,6.39062
rc201,CLASSIC,7,6.53125
rc201,CLASSIC,8,6.59375
rc201,CLASSIC,9,6.84375
rc201,CLASSIC,10,6.71875
rc201,QLEARNING,1,6.78125
rc201,QLEARNING,2,6.3125
rc201,QLEARNING,3,6.23438
rc201,QLEARNING,4,5.92188
rc201,QLEARNING,5,6.84375
rc201,QLEARNING,6,5.9375
rc201,QLEARNING,7,6.6875
rc201,QLEARNING,8,6.26562
rc201,QLEARNING,9,6.3125
rc201,QLEARNING,10,6.28125
rc202,CLASSIC,1,9.375
rc202,CLASSIC,2,9.10938
rc202,CLASSIC,3,9.07812
rc202,CLASSIC,4,10.0156
rc202,CLASSIC,5,9.73438
rc202,CLASSIC,6,9.8125
rc202,CLASSIC,7,10.1719
rc202,CLASSIC,8,10.9844
rc202,CLASSIC,9,10.1094
rc202,CLASSIC,10,9.95312
rc202,QLEARNING,1,8.79688
rc202,QLEARNING,2,9.14062
rc202,QLEARNING,3,9.23438
rc202,QLEARNING,4,10.0156
rc202,QLEARNING,5,9.53125
rc202,QLEARNING,6,8.29688
rc202,QLEARNING,7,8.15625
rc202,QLEARNING,8,7.82812
rc202,QLEARNING,9,9.07812
rc202,QLEARNING,10,8.28125
rc203,CLASSIC,1,11.7031
rc203,CLASSIC,2,11.9375
rc203,CLASSIC,3,12.4219
rc203,CLASSIC,4,12.0
rc203,CLASSIC,5,12.1562
rc203,CLASSIC,6,12.25
rc203,CLASSIC,7,12.8906
rc203,CLASSIC,8,12.9531
rc203,CLASSIC,9,11.75
rc203,CLASSIC,10,11.1406
rc203,QLEARNING,1,11.6406
rc203,QLEARNING,2,10.8438
rc203,QLEARNING,3,10.4219
rc203,QLEARNING,4,10.2188
rc203,QLEARNING,5,10.625
rc203,QLEARNING,6,9.76562
rc203,QLEARNING,7,9.54688
rc203,QLEARNING,8,9.15625
rc203,QLEARNING,9,10.8281
rc203,QLEARNING,10,10.6406
rc204,CLASSIC,1,10.3906
rc204,CLASSIC,2,11.25
rc204,CLASSIC,3,11.2344
rc204,CLASSIC,4,11.4531
rc204,CLASSIC,5,11.1562
rc204,CLASSIC,6,11.2188
rc204,CLASSIC,7,11.1719
rc204,CLASSIC,8,11.1094
rc204,CLASSIC,9,10.3281
rc204,CLASSIC,10,10.5469
rc204,QLEARNING,1,9.51562
rc204,QLEARNING,2,8.78125
rc204,QLEARNING,3,11.5469
rc204,QLEARNING,4,11.25
rc204,QLEARNING,5,11.5312
rc204,QLEARNING,6,11.9531
rc204,QLEARNING,7,12.0312
rc204,QLEARNING,8,11.3906
rc204,QLEARNING,9,11.8906
rc204,QLEARNING,10,12.0156
rc205,CLASSIC,1,11.0469
rc205,CLASSIC,2,10.6406
rc205,CLASSIC,3,12.0
rc205,CLASSIC,4,10.5469
rc205,CLASSIC,5,11.8594
rc205,CLASSIC,6,10.9375
rc205,CLASSIC,7,10.9219
rc205,CLASSIC,8,11.0156
rc205,CLASSIC,9,11.0781
rc205,CLASSIC,10,11.4375
rc205,QLEARNING,1,8.82812
rc205,QLEARNING,2,9.28125
rc205,QLEARNING,3,9.23438
rc205,QLEARNING,4,9.10938
rc205,QLEARNING,5,10.4062
rc205,QLEARNING,6,9.01562
rc205,QLEARNING,7,10.4375
rc205,QLEARNING,8,8.96875
rc205,QLEARNING,9,9.4375
rc205,QLEARNING,10,9.79688
rc206,CLASSIC,1,7.92188
rc206,CLASSIC,2,7.5
rc206,CLASSIC,3,7.375
rc206,CLASSIC,4,8.25
rc206,CLASSIC,5,7.17188
rc206,CLASSIC,6,8.125
rc206,CLASSIC,7,8.85938
rc206,CLASSIC,8,9.39062
rc206,CLASSIC,9,8.8125
rc206,CLASSIC,10,9.375
rc206,QLEARNING,1,9.5625
rc206,QLEARNING,2,8.60938
rc206,QLEARNING,3,9.96875
rc206,QLEARNING,4,9.26562
rc206,QLEARNING,5,9.54688
rc206,QLEARNING,6,9.46875
rc206,QLEARNING,7,10.1562
rc206,QLEARNING,8,8.92188
rc206,QLEARNING,9,8.71875
rc206,QLEARNING,10,7.67188
rc207,CLASSIC,1,8.32812
rc207,CLASSIC,2,9.01562
rc207,CLASSIC,3,9.65625
rc207,CLASSIC,4,10.2344
rc207,CLASSIC,5,10.25
rc207,CLASSIC,6,10.5938
rc207,CLASSIC,7,9.875
rc207,CLASSIC,8,11.5312
rc207,CLASSIC,9,10.3281
rc207,CLASSIC,10,11.3281
rc207,QLEARNING,1,12.1875
rc207,QLEARNING,2,12.3281
rc207,QLEARNING,3,12.3281
rc207,QLEARNING,4,12.7031
rc207,QLEARNING,5,12.0938
rc207,QLEARNING,6,11.5
rc207,QLEARNING,7,10.2969
rc207,QLEARNING,8,9.15625
rc207,QLEARNING,9,8.64062
rc207,QLEARNING,10,10.2344
rc208,CLASSIC,1,9.98438
rc208,CLASSIC,2,8.01562
rc208,CLASSIC,3,8.01562
rc208,CLASSIC,4,9.96875
rc208,CLASSIC,5,8.67188
rc208,CLASSIC,6,8.09375
rc208,CLASSIC,7,8.125
rc208,CLASSIC,8,8.42188
rc208,CLASSIC,9,8.57812
rc208,CLASSIC,10,9.28125
rc208,QLEARNING,1,11.5
rc208,QLEARNING,2,11.0312
rc208,QLEARNING,3,11.6719
rc208,QLEARNING,4,10.7969
rc208,QLEARNING,5,10.1875
rc208,QLEARNING,6,9.96875
rc208,QLEARNING,7,7.78125
rc208,QLEARNING,8,8.85938
rc208,QLEARNING,9,9.03125
rc208,QLEARNING,10,7.59375
